,順位豊洲,検索ワード豊洲,URL豊洲,タイトル豊洲,順位勝どき,検索ワード勝どき,URL勝どき,タイトル勝どき,順位月島,検索ワード月島,URL月島,タイトル月島
0,1,豊洲,https://mitsui-shopping-park.com/lalaport/toyosu/,アーバンドック ららぽーと豊洲 - 三井ショッピングパーク,1,勝どき,https://ja.wikipedia.org/wiki/%25E5%258B%259D%25E3%2581%25A9%25E3%2581%258D,勝どき - Wikipedia,1.0,月島,https://ja.wikipedia.org/wiki/%25E6%259C%2588%25E5%25B3%25B6,月島 - Wikipedia
1,2,豊洲,https://www.tsukijiichiba.com/,豊洲市場ドットコム: 豊洲市場のフルーツ(果物) マグロ 鮮魚の通販 ...,2,勝どき,https://www.kotsu.metro.tokyo.jp/subway/stations/kachidoki.html,勝どき - 東京都交通局,2.0,月島,https://www.ikyu.com/kankou/arealist8105/,ここは押さえておきたい！月島のおすすめ観光スポット30選 - 一休
2,3,豊洲,http://www.toyosu-market.or.jp/,ザ・豊洲市場【公式】,3,勝どき,https://gentosha-go.com/articles/-/33132,「人気の街」として紹介されるが…「勝どきタワマン」の恐い噂,3.0,月島,https://aumo.jp/articles/133773,月島の観光スポット9選！もんじゃ以外にも温泉や夜景まで ...
3,4,豊洲,https://ja.wikipedia.org/wiki/%25E8%25B1%258A%25E6%25B4%25B2,豊洲 - Wikipedia,4,勝どき,https://geo.8984.jp/tokyo/plat/townguide/962/,月島、銀座、築地、豊洲をわが庭のように楽しむエリア 生活施設が ...,4.0,月島,https://www.tokyometro.jp/station/tsukishima/index.html,月島駅/Y21 | 路線・駅の情報 | 東京メトロ
4,5,豊洲,https://rtrp.jp/locations/286/,【2022最新】豊洲の人気スポットランキングTOP30 - RETRIP ...,5,勝どき,https://www.31sumai.com/mfr/X1972/,【公式】パークタワー勝どきミッド／サウス｜三井不動産 ...,5.0,月島,https://www.jalan.net/news/article/560447/,2021＞月島で行きたいおすすめスポット8選！もんじゃ以外の魅力も ...
5,6,豊洲,https://town.ietan.jp/ie-rinkai/report/toyosu,豊洲エリアの話題のスポットを、散策してみました！,6,勝どき,https://rtrp.jp/locations/803/,【2022最新】勝どきの人気スポットランキングTOP30 - RETRIP,6.0,月島,https://monja.gr.jp/,【公式】月島もんじゃ振興会協同組合 | 東京の下町グルメ「もんじゃ ...
6,7,豊洲,https://www.unitedcinemas.jp/toyosu/index.html,三井ショッピングパーク アーバン ... - ユナイテッド・シネマ豊洲,7,勝どき,https://tabelog.com/tokyo/A1313/A131302/R2445/rstLst/,勝どき駅でおすすめのグルメ情報をご紹介！ | 食べログ,7.0,月島,https://www.kotsu.metro.tokyo.jp/subway/stations/tsukishima.html,月島 - 東京都交通局
7,8,豊洲,https://www.tokyometro.jp/station/toyosu/index.html,豊洲駅/Y22 | 路線・駅の情報 | 東京メトロ,8,勝どき,https://www.sumitomo-latour.jp/buildlist/chuouku/kachidokiys-residence/,勝どきレジデンス KACHIDOKI RESIDENCE - 住友不動産の高級賃貸 ...,8.0,月島,http://www.tsukinishi.com/,東京都中央区月島西仲通り商店街公式ホームページ
8,9,豊洲,https://www.ikyu.com/kankou/arealist8069/,ここは押さえておきたい！豊洲のおすすめ観光スポット30選 - 一休,9,勝どき,https://town.mec-h.com/mh-harumi/10,「勝鬨橋」に由来する街、勝どきエリア | 晴海・勝どき・月島エリア,9.0,月島,https://rtrp.jp/locations/745/,【2022最新】月島の人気スポットランキングTOP30 - RETRIP ...
9,10,豊洲,https://planets.teamlab.art/tokyo/jp/,【公式】 チームラボプラネッツ TOKYO DMM 豊洲 | teamLab,10,勝どき,https://www.goldcrest.co.jp/html/kvt/,【公式】勝どきビュータワー - ゴールドクレスト,10.0,月島,https://geo.8984.jp/tokyo/plat/townguide/962/,月島、銀座、築地、豊洲をわが庭のように楽しむエリア 生活施設が ...
10,11,豊洲,https://toyosu-pit.team-smile.org/,豊洲PIT,11,勝どき,https://suumo.jp/chintai/tokyo/ek_50055/,【SUUMO】勝どき駅の賃貸(賃貸マンション・アパート)住宅の ...,11.0,月島,https://tabelog.com/tokyo/A1313/A131302/R6345/rstLst/,月島駅でおすすめのグルメ情報をご紹介！ | 食べログ
11,12,豊洲,https://www.yurikamome.co.jp/sightseeing/area/fifth.html,豊洲エリア｜株式会社ゆりかもめ,12,勝どき,https://suumo.jp/ms/shinchiku/tokyo/sc_chuo/nc_67713068/,パークタワー勝どきミッド／サウス （物件TOP） - SUUMO,12.0,月島,https://tabelog.com/tokyo/C13102/C36107/rstLst/,中央区月島でおすすめのグルメ情報をご紹介！ | 食べログ
12,13,豊洲,https://toyosugururi.jp/about/,空と海と、 グリーン。 - 豊洲ぐるり公園,13,勝どき,https://www.livable.co.jp/branch/kachidoki/,【東急リバブル】勝どきセンター｜不動産の購入・売却,13.0,月島,https://cowcamo.jp/magazine/column/%25E6%259C%2588%25E5%25B3%25B6_%25E5%2596%25AB%25E8%258C%25B6%25E3%2583%2591%25E3%2583%25BC%25E3%2583%25A9%25E3%2583%25BC%25E3%2581%25B5%25E3%2582%258B%25E3%2581%2595%25E3%2581%25A8,【 #月島 】江戸っ子文化を残しながらも再開発で変わりゆく下町
13,14,豊洲,https://toyosu.tokyo/,とよすと,14,勝どき,https://map.goo.ne.jp/list/address/13102003/,東京都中央区勝どきの住所 - goo地図,14.0,月島,https://map.goo.ne.jp/map/address/13102008/,東京都中央区月島の地図
14,15,豊洲,https://www.vivahome.co.jp/toyosu_svh/,スーパービバホーム豊洲店,15,勝どき,https://www.rehouse.co.jp/store/kachidoki/,【三井のリハウス】勝どきセンターの店舗情報,15.0,月島,https://www.navitime.co.jp/address/13102008000/%25E6%259D%25B1%25E4%25BA%25AC%25E9%2583%25BD%25E4%25B8%25AD%25E5%25A4%25AE%25E5%258C%25BA%25E6%259C%2588%25E5%25B3%25B6/,東京都中央区月島 - 住所を探す - NAVITIME
15,16,豊洲,https://toyosu.sho-jin.or.jp/,Home :: 豊洲ベイシティクリニック｜耳鼻咽喉科・アレルギー科 ...,16,勝どき,https://www.izumikousan.com/service/gallery,GALLERY 再開発ギャラリー - 株式会社泉興産,16.0,月島,"https://maps.google.com/maps/ms%3Fmsa%3D0%26msid%3D200635580499212198602.0004e254eef2dda81f316%26hl%3Dja%26ie%3DUTF8%26t%3Dm%26ll%3D35.665455,139.783902%26spn%3D0.012203,0.029526%26z%3D15%26source%3Dembed",月島 - Google マイマップ - Google Maps
16,17,豊洲,https://www.scsk.jp/corp/access/map01.html,豊洲本社 - SCSK株式会社,17,勝どき,https://www.navitime.co.jp/transfer/searchlist%3ForvStationName%3D%25E6%259D%25B1%25E4%25BA%25AC%26orvStationCode%3D00006668%26dnvStationName%3D%25E5%258B%259D%25E3%2581%25A9%25E3%2581%258D%26dnvStationCode%3D00009214%26defaultCondition%3D0,東京から勝どきまでの乗換案内 - NAVITIME,17.0,月島,https://www.travelbook.co.jp/topic/4151,もんじゃだけじゃない！月島周辺で観光におすすめのスポット10選
17,18,豊洲,https://zxy.work/location/toyosu/,ZXY 豊洲 - テレワークに使える個室中心のシェアオフィス,18,勝どき,https://www.navitime.co.jp/address/13102003000/%25E6%259D%25B1%25E4%25BA%25AC%25E9%2583%25BD%25E4%25B8%25AD%25E5%25A4%25AE%25E5%258C%25BA%25E5%258B%259D%25E3%2581%25A9%25E3%2581%258D/,東京都中央区勝どき - 住所を探す - NAVITIME,18.0,月島,https://www.tsk-g.co.jp/,月島機械株式会社
18,19,豊洲,https://www.toyosu-baysidecross.jp/,豊洲ベイサイドクロスタワー,19,勝どき,https://www.jorudan.co.jp/norikae/route/%25E5%258B%259D%25E3%2581%25A9%25E3%2581%258D_%25E6%259D%25B1%25E4%25BA%25AC.html,勝どき → 東京 - 乗換案内,19.0,月島,https://shop.saizeriya.co.jp/sz_restaurant/spot/detail%3Fcode%3D1240,サイゼリヤ 月島店 | 店舗検索
19,20,豊洲,https://www.kcf.or.jp/toyosu/access/,アクセス | 豊洲文化センター,20,勝どき,http://chiyokai.com/,医療法人社団知洋会 勝どき耳鼻咽喉科・内科クリニック,20.0,月島,https://www.tomas.co.jp/class/tsukishima/,月島で人気の塾なら｜《公式》TOMAS月島校｜個別指導塾・学習塾 ...
20,21,豊洲,https://www.shijou.metro.tokyo.lg.jp/toyosu/,豊洲市場について - 東京都中央卸売市場,21,勝どき,https://www.homes.co.jp/archive/c-16823/,KACHIDOKI THE TOWER - 勝どき5丁目 - ホームズ,21.0,月島,https://www.stepon.co.jp/center/tsukishima/,月島営業センター - 住友不動産販売
21,22,豊洲,https://tabelog.com/tokyo/A1313/A131307/R6850/rstLst/,豊洲駅でおすすめのグルメ情報をご紹介！ | 食べログ,22,勝どき,https://www.maruetsu.co.jp/index.php/shop/detail/9343,勝どき六丁目店 - マルエツ,22.0,月島,https://shop.able.co.jp/000000337/,【エイブル】月島店の店舗情報｜月島駅・東京都中央区周辺の ...
22,23,豊洲,https://www.tis.co.jp/company/network/toyosu.html,豊洲オフィス | 事業所一覧 | 企業情報 | TIS株式会社,23,勝どき,https://kachidoki-clinic.tokyo/,勝どき駅前耳鼻咽喉科・頭頸部甲状腺クリニック,23.0,月島,https://r.gnavi.co.jp/area/aream2927/,月島 人気グルメ＆レストラン - ぐるなび
23,24,豊洲,https://www.dspnet.co.jp/toyosu/,江東区豊洲のジム＆フィットネス・スポーツクラブ（ららぽーと ...,24,勝どき,https://times-info.net/P13-tokyo/line/L12200/S8935/,勝どき駅（中央区）周辺の時間貸駐車場 検索結果 - タイムズ,24.0,月島,https://www.city.chuo.lg.jp/smph/kosodate/shien/jidokan/tukishimajidoukan.html,月島児童館 - 中央区
24,25,豊洲,https://smtrc.jp/town-archives/city/tokyo-bay/p06.html,6：豊洲の歴史 ? 東京湾岸 | このまちアーカイブス,25,勝どき,https://office.sumitomo-rd.co.jp/building/detail/chuou/kachidoki_pj,住友不動産勝どきビル,25.0,月島,https://tsukishima-brs.co.jp/,トップページ - 株式会社 月島物流サービス
25,26,豊洲,http://toyosu-sho.koto.ed.jp/,江東区立豊洲小学校,26,勝どき,https://www.sumitomo-rd-mansion.jp/shuto/bst/,【公式】ベイサイドタワー晴海｜東京都中央区 - 住友不動産の ...,26.0,月島,https://suumo.jp/chintai/tokyo/ek_24650/,【SUUMO】月島駅の賃貸(賃貸マンション・アパート)住宅のお部屋 ...
26,27,豊洲,https://www.suijobus.co.jp/cruise/toyosu/,豊洲 | 東京都観光汽船（TOKYO CRUISE）,27,勝どき,https://www.kachidoki-f.jp/,東京都中央区の賃貸なら有限会社勝どき不動産,27.0,月島,https://www.jorudan.co.jp/time/eki_%25E6%259C%2588%25E5%25B3%25B6_%25E6%259D%25B1%25E4%25BA%25AC%25E3%2583%25A1%25E3%2583%2588%25E3%2583%25AD%25E6%259C%2589%25E6%25A5%25BD%25E7%2594%25BA%25E7%25B7%259A.html,月島駅 東京メトロ有楽町線時刻表 - ジョルダン
27,28,豊洲,https://www.shimz.co.jp/toyosu/,シミズの次世代まちづくり 豊洲MiCHiの駅,28,勝どき,http://shop.dennys.jp/map/2642,デニーズ 勝どき店 | 店舗情報,28.0,月島,https://haikyu.jp/chara/karasuno/11.html,月島 蛍 - ハイキュー!!
28,29,豊洲,https://familyclinic-toyosu.tums.jp/,タムスファミリークリニック豊洲 - 小児科、内科、整形外科、皮膚科 ...,29,勝どき,https://www.start-line.co.jp/fp-17916/,勝どきの賃貸/売買/不動産 スタートラインベイフロント勝どき店,29.0,月島,https://www.livable.co.jp/branch/tsukishima/,【東急リバブル】月島センター｜不動産の購入・売却
29,30,豊洲,https://twitter.com/toyosu_tokyo,とよすと (@toyosu_tokyo) / Twitter,30,勝どき,https://www.city.chuo.lg.jp/smph/sisetugaido/syukaisisetu/syukaisisetu15.html,勝どき区民館 中央区ホームページ,30.0,月島,https://www.daiei.co.jp/stores/d0769/,ダイエー月島店
30,31,豊洲,https://www.kotsu.metro.tokyo.jp/bus/noriba/toyosu.html,豊洲駅 - 都営バス - 東京都交通局,31,勝どき,http://growthlink.jp/,グロースリンクかちどき - 子育て支援施設（東京都中央区勝どき） -,31.0,月島,https://tkjm.jp/tsukijiuogashi/store528/lineup/,月島もんじゃ おこげ オンラインショップ店 | 築地お取り寄せ市場
31,32,豊洲,https://www.au.com/aushop/shop.E-00813/,auショップ ららぽーと豊洲,32,勝どき,https://shop.saizeriya.co.jp/sz_restaurant/spot/detail%3Fcode%3D0977,サイゼリヤ 勝どきビュータワー店 | 店舗検索,32.0,月島,https://spainclub-tsukishima.com/,【公式】月島スペインクラブ | 月島のおすすめスペイン料理
32,33,豊洲,https://r.gnavi.co.jp/area/aream2111/,豊洲 人気グルメ＆レストラン - ぐるなび,33,勝どき,https://www.shopro.co.jp/hoiku/shisetsu/kachidoki/,小学館アカデミー勝どきこども園,33.0,月島,https://www.chuo-tky.ed.jp/~tsuki1-es/,ホーム - 月島第一小学校 - ようこそ中央区立学校ホームページへ!!
33,34,豊洲,https://www.sogo-medical.co.jp/sogopharmacy/shop/view/520,そうごう薬局 豊洲店 - 総合メディカル,34,勝どき,https://www.kachidoki-ekimae-hihuka.com/,勝どき駅前皮ふ科くクリニック｜東京｜中央区｜勝どき,34.0,月島,https://chuoku-machikadotenjikan.jp/odekakemap/course_tsukuda01.html,佃・月島コース | おでかけマップ | 中央区まちかど展示館
34,35,豊洲,https://www.gardenhotels.co.jp/toyosu-baysidecross/,【公式】三井ガーデンホテル豊洲ベイサイドクロス,35,勝どき,https://zatsuneta.com/archives/001063.html,「勝どき」の地名の由来 | 雑学ネタ帳,35.0,月島,https://www.homes.co.jp/archive/b-22905474/,【ホームズ】ドエルイン月島の建物情報｜東京都中央区月島4丁目13 ...
35,36,豊洲,https://www.housing-messe.com/toyosu.html,スマートハウジング豊洲まちなみ公園 - 東京都江東区の住宅展示場,36,勝どき,https://excerent.jp/rent/9066/,リビオメゾン勝どき｜高級賃貸のエクセレント,36.0,月島,https://tokyosharehouse.com/jpn/house/detail/280/,月島Fine - 東京シェアハウス
36,37,豊洲,https://www.toyosu-shounika.com/,豊洲小児科醫院｜江東区豊洲の小児科 土日も診療・予約無しでもOK,37,勝どき,https://kawlu.com/journal/2017/01/09/26807/,勝どきのタワーマンションって実際どうなの？在住者が答えます！,37.0,月島,https://www.its-mo.com/addr/13/102/008/,東京都中央区月島の住所一覧 - いつもNAVI
37,38,豊洲,https://harusora-fc.jp/,豊洲 はるそらファミリークリニック｜江東区豊洲駅の内科・呼吸器 ...,38,勝どき,https://transit.yahoo.co.jp/timetable/29339,勝どき駅 時刻表一覧 - Yahoo!路線情報,38.0,月島,http://www.e-map.ne.jp/p/yamato01/shop_dtl.htm%3Fp_f1%3D1%26kid%3D031107,ヤマト運輸 月島西仲通りセンター - E-map
38,39,豊洲,https://www.haseko-chukai.com/shop-syutoken/toyosu.html,豊洲店 - 長谷工の仲介,39,勝どき,http://www.bsg.cc/syousai/kachidoki.html,のぞみ薬局勝どき店 - ブルースカイグループ,39.0,月島,https://www.setaden.com/tsukishima/,月島の歯医者・歯科【月島デンタルオフィス東京】
39,40,豊洲,https://www.navitime.co.jp/poi%3Fnode%3D00008223,「豊洲」(駅)の時刻表/アクセス/地点情報/地図 - NAVITIME,40,勝どき,http://ikinaristeak.com/shopinfo/kachidoki/,いきなりステーキ勝どき店,40.0,月島,http://www.tsukishima-clinic.com/,月島キャピタルクリニック｜内科・小児予防接種・健康診断・巻き爪
40,41,豊洲,https://www.webuomo.jp/foodie/190365/,石野卓球さんが通う、豊洲・大和寿司【あの人の「東京ひとりメシ ...,41,勝どき,https://www.enjoytokyo.jp/theme/sta105322/,勝どき駅周辺へのおでかけ - レッツエンジョイ東京,41.0,月島,https://www.tske.co.jp/,月島環境エンジニアリング株式会社
41,42,豊洲,https://www.shibaura-it.ac.jp/access/toyosu.html,豊洲キャンパス - 芝浦工業大学,42,勝どき,http://www.tafuka.co.jp/tokyo_chuo/tsukishima_kachidoki.php,勝どき区民館 - タフカ株式会社,42.0,月島,https://www.homemate-research-station.com/dtl/46000000000000002680/rosenlist/46003/,【ユキサキナビ】月島駅（東京都中央区）の乗り入れ路線
42,43,豊洲,https://digiq.jp/portal/experience/74007/0,THE BBQ BEACH in TOYOSU | デジキュー BBQ場,43,勝どき,https://www.its-mo.com/addr/13/102/003/,東京都中央区勝どきの住所一覧 - いつもNAVI,43.0,月島,http://www.tafuka.co.jp/tokyo_chuo/tsukishima_tsukishima.php,月島区民館 - タフカ株式会社
43,44,豊洲,https://www.mitsubishi-hc-capital.com/corporate/overview/branch/branch02.html,豊洲オフィス 地図 | 事業所一覧 | 三菱HCキャピタル株式会社,44,勝どき,https://www.homemate-research-station.com/dtl/46000000000000008805/rosenzu/P117004/,勝どき駅 （東京都中央区） の路線図 都営大江戸線,44.0,月島,https://www.weekly-mansion.com/time_required/list.html%3Feki_cd%3D824,月島駅のウィークリーマンション一覧
44,45,豊洲,https://toyosu-3gaiku.com/,豊洲フォレシア TOYOSU FORESIA,45,勝どき,https://www.quraz.com/tokyo/kachidoki.aspx,キュラーズ勝どき・月島店（中央区）,45.0,月島,https://www.inet-tokyo.com/ni_simplicity/20448.html,ミュプレ月島 「長谷工の賃貸」公式ページ
45,46,豊洲,https://edomaejokamachi.com/,江戸前場下町 toyosu marche mall | edomae jokamachi,46,勝どき,https://www.sumu-log.com/archives/author/kachidokichan/,勝どきちゃんの記事一覧 | スムログ,46.0,月島,https://retty.me/theme/100032800/,【2021年最新！】月島のランチで今年人気のおすすめ10店 - Retty
46,47,豊洲,https://mifafootballpark.com/,MIFAFootballPark 豊洲 | 東京都江東区豊洲のフットサルコート ...,47,勝どき,https://retty.me/area/PRE13/ARE312/SUB31203/STAN7605/,勝どき駅でみんながオススメする人気グルメ20選 - Retty,47.0,月島,https://chuo-shakyo.shopro.co.jp/tsukishima,月島社会教育会館
47,48,豊洲,https://www.showa-u.ac.jp/SHKT/access.html,アクセス｜昭和大学江東豊洲病院,48,勝どき,https://kachidoki-women.com/,中央区勝どき | 勝どきウィメンズクリニック | 産婦人科,48.0,月島,https://www.mecsumai.com/tphb-tsukishima-front/,ザ・パークハビオ月島フロント - 三菱地所レジデンスの住まいの ...
48,49,豊洲,https://www.toyosu.org/,豊洲2・3丁目地区まちづくり協議会 TOYOSU Project,49,勝どき,https://mansiontrend.com/%3Fp%3D2531,駅直結「パークタワー勝どきミッド - 街とマンションのトレンド情報局,49.0,月島,https://www.mapion.co.jp/address/13102/8/,東京都中央区月島 住所一覧から地図を検索 - マピオン
49,50,豊洲,https://map.uniqlo.com/jp/ja/detail/10101150,ユニクロ ららぽーと豊洲店 - UNIQLO,50,勝どき,https://www.chuo-shokogyo.jp/syoutngai/kameidantai/kaimei_info/kaimei_info_27.html,勝どき商栄会 - 中央区商店街連合会,50.0,月島,https://store-info.skylark.co.jp/jonathan/map/020489,ジョナサン 月島店 - 店舗検索
50,51,豊洲,https://www.sapientica.com/school/tokyo/toyosu/,豊洲校 - SAPIX小学部,51,勝どき,https://thetowers.jp/,ザ東京タワーズクリニック | 中央区勝どきの内科・小児科・循環器 ...,51.0,月島,https://zatsuneta.com/archives/000755.html,「月島」の地名の由来 | 雑学ネタ帳
51,52,豊洲,https://toyosu.tokyu-hands.co.jp/,東急ハンズららぽーと豊洲店,52,勝どき,https://r.gnavi.co.jp/eki/0002598/casual/rs/,勝どき駅周辺にある美味しいファミレス・ファーストフードで ...,52.0,月島,https://tsukishima-ent.com/access.html,診療時間・アクセス - 月島耳鼻咽喉科
52,53,豊洲,http://www.superaoki.com/store/toyosu.html,フードストアあおき 東京豊洲店,53,勝どき,https://www.nomu.com/mansion/library/id/P0027800/,勝どきザ・タワーの購入・売却・中古相場価格なら - ノムコム,53.0,月島,https://kotobank.jp/word/%25E6%259C%2588%25E5%25B3%25B6-99109,月島とは - コトバンク
53,54,豊洲,https://de-limmo.jp/pages/toyosu,デリーモららぽーと豊洲店 - DEL'IMMO,54,勝どき,https://www.nicho.co.jp/tenpo/katidoki/,日本調剤 勝どき薬局｜東京都中央区勝どき4-2-14 1階,54.0,月島,https://tsukishima-monja-koboreya.com/,月島もんじゃ焼き 下町割烹もんじゃ こぼれや
54,55,豊洲,https://map.goo.ne.jp/list/address/13108030/,東京都江東区豊洲の住所 - goo地図,55,勝どき,https://www.grandmast.jp/kachidoki/,グランドマスト勝どき,55.0,月島,https://www.tsukishima.co.jp/,月島食品工業株式会社
55,56,豊洲,https://www.nomu.com/machikara/368/,豊洲 - 地域・街情報サイト【街から】 - ノムコム,56,勝どき,https://www.chacott-jp.com/lesson/studio/kachidoki/,勝どきスタジオ - チャコット,56.0,月島,http://tsukishima100.com/,佃島・月島百景 | 心に残る・未来に残したい記憶
56,57,豊洲,https://www.jalan.net/kankou/tow_131080030/,豊洲（東京都）の観光スポットランキングTOP10 - じゃらんnet,57,勝どき,https://www.setaden.com/kachidoki/,勝どきの歯医者・歯科【勝どきデンタルオフィス東京】,57.0,月島,https://www.tsukiso.co.jp/company/profile.html,会社概要 | 会社案内 | 月島倉庫
57,58,豊洲,https://www.koto-lib.tokyo.jp/tabid96.html,豊洲図書館,58,勝どき,http://www.p-kachidoki.jp/,中央区勝どきの高級賃貸マンション | 【公式サイト】プラザタワー ...,58.0,月島,http://www.tsukishima-sou.com/,企業寮をShareするという試み。|【公式サイト】月島荘
58,59,豊洲,http://www.salvatore.jp/restaurant/toyosu/,豊洲のピザ・イタリアン ピッツァ サルヴァトーレ クオモ,59,勝どき,https://www.weekly-mansion.com/time_required/list.html%3Feki_cd%3D922,勝どき駅のウィークリーマンション一覧,59.0,月島,https://ksone.co.jp/shop/tukishima.html,店舗情報｜ケイズワン月島店｜株式会社ケイズワン
59,60,豊洲,https://suumo.jp/ms/chuko/tokyo/ek_26540/,【SUUMO】豊洲駅(東京都)の中古マンション購入情報,60,勝どき,https://rent.tokyu-housing-lease.co.jp/rent/7001956/access,プラザ勝どき | 東急住宅リースの賃貸情報サイト,60.0,月島,https://twitter.com/hotaru_0930,月島ほたる@月島食堂1\9(日)品川 (@hotaru_0930) / Twitter
60,61,豊洲,https://www.mitsuifudosan.co.jp/machidukuri/toyosu/,豊洲 - 街づくりライブラリー - 三井不動産,61,勝どき,http://store.aisei.co.jp/detail/0495,アイセイ薬局 勝どき店｜店舗を探す｜ご利用者様｜調剤薬局の ...,61.0,月島,"https://mapfan.com/genres/1/13/102/SCH,J,PFT",月島駅（大江戸線）近くの駅 - MapFan
61,62,豊洲,https://www.city.koto.lg.jp/281053/kodomo/hokago/jidokan/8760.html,豊洲児童館 - 江東区,62,勝どき,https://www.nas-club.co.jp/kachidoki/schedule/,レッスンスケジュール - 勝どき - スポーツクラブNAS,62.0,月島,https://zxy.work/location/tsukishima/,ZXY 月島 - テレワークに使える個室中心のシェアオフィス
62,63,豊洲,https://www.seijoishii.co.jp/shop/details/1702,ららぽーと豊洲店 LaLaport TOYOSU - 店舗情報 ...,63,勝どき,https://opti-katidoki.com/,勝どきヘアサロン オプティ(理容室床屋美容室）,63.0,月島,https://magazine.aruhi-corp.co.jp/0000-4764/,【本当に住みやすい街大賞2022】第8位 月島：都心のウォーター ...
63,64,豊洲,https://pfercos.co.jp/pfercos/archives/shop/toyosu.html,ファーコス薬局 豊洲 | 薬局検索詳細,64,勝どき,https://memorva.jp/zipcode/map.php%3Fpref%3D%25E6%259D%25B1%25E4%25BA%25AC%25E9%2583%25BD%26city%3D%25E4%25B8%25AD%25E5%25A4%25AE%25E5%258C%25BA%26area%3D%25E5%258B%259D%25E3%2581%25A9%25E3%2581%258D%26zipcode%3D1040054,東京都中央区勝どきの読み方 - MEMORVA,64.0,月島,https://www.quraz.com/tokyo/kachidoki.aspx,キュラーズ勝どき・月島店（中央区）
64,65,豊洲,https://www2.toysrus.co.jp/storeinfo/4873/,豊洲店 ? 店舗情報 トイザらス・ベビーザらス,65,勝どき,https://kachidoki-clinic.jp/,勝どきの耳鼻科なら勝どきみなみクリニック  月島・晴海,65.0,月島,https://www.instagram.com/explore/tags/%25E6%259C%2588%25E5%25B3%25B6/,#月島 hashtag on Instagram ? Photos and Videos
65,66,豊洲,https://www.livable.co.jp/branch/toyosu/,【東急リバブル】豊洲センター｜不動産の購入・売却,66,勝どき,https://note.com/inagaki_kizuna/n/n1dec1462a10e,【エリア解説】月島・勝どきを徹底的に解剖しつつ、晴海と佃も ...,66.0,月島,http://aa-kkse.net/tukisima_kumin.htm,月島区民館地図
66,67,豊洲,https://www.rakuten.ne.jp/gold/tsukiji-chokusoubin/,旬のフルーツ・マグロ・魚介類の通販 | 豊洲からの直送便【楽天市場】,67,勝どき,https://kachidoki-sc.com/,勝どき小児クリニック 中央区勝どきの小児科,67.0,月島,https://www.shamaison.com/tokyo/route/P116007/station/22820/,東京メトロ有楽町線 月島 の賃貸物件一覧 - シャーメゾン
67,68,豊洲,https://www.mec.co.jp/j/news/archives/mec210319_toyosu.pdf,[PDF] 「（仮称）豊洲 4-2 街区開発計画」始動 - 三菱地所,68,勝どき,https://www.a-tower.jp/,【公式】Brillia ist Tower （ブリリアイストタワー）勝どき｜都営大 ...,68.0,月島,https://www.medicalcare.co.jp/,東京で整体をお探しなら月島治療院へ | 東京都中央区の鍼灸 ...
68,69,豊洲,https://www.tokyo-toyosu.hoteljalcity.com/,新豊洲駅から徒歩3分｜ホテルJALシティ東京 豊洲【公式】,69,勝どき,https://www.tokyo-brt.co.jp/bus-stops/b02-kachidoki-brt,勝どきBRT,69.0,月島,https://www.athome.co.jp/chintai/tokyo/tsukishima-st/list/,月島駅の賃貸(賃貸マンション・アパート) （東京都） - アットホーム
69,70,豊洲,https://www.hotel-livemax.com/tokyo/toyosust/,ホテルリブマックス豊洲駅前,70,勝どき,https://beauty.hotpepper.jp/slnH000543560/,キイ 勝どき(K.e.y) - ホットペッパービューティー,70.0,月島,https://www.rehouse.co.jp/store/tsukishima/,【三井のリハウス】月島センターの店舗情報
70,71,豊洲,https://www.dai-ichi-life.co.jp/company/info/toyosu.html,第一生命 豊洲本社,71,勝どき,"https://www.mapion.co.jp/m2/35.65935192,139.77766855,16/poi%3DST29339",勝どき駅の地図 - マピオン,71.0,月島,https://town.ietan.jp/ie-shiodome/report/tsukishima,月島もんじゃ・商店街散歩
71,72,豊洲,https://krispykreme.jp/store/tokyo/toyosu.html,ららぽーと豊洲店 - クリスピー・クリーム・ドーナツ,72,勝どき,https://ekitan.com/transit/fare/sf-8935/st-2553,「勝どき駅」から「月島駅」電車の運賃・料金 - 駅探,72.0,月島,https://www.bw-tsukishima.com/,ブリリアウェリス月島 プレミアムサイト
72,73,豊洲,https://www.suminavi.com/shop/staff/toyosu/,【住友林業ホームサービス】豊洲店の営業担当のご案内 - すみなび,73,勝どき,https://www.royal-h.jp/shop/kachidoki/,勝どき駅前ショップ - ロイヤルハウジンググループ,73.0,月島,https://ekitan.com/transit/fare/sf-2553/st-8935,「月島駅」から「勝どき駅」電車の運賃・料金 - 駅探
73,74,豊洲,https://hinabe.net/location/toyosu/,豊洲店 - 中国火鍋専門店【小肥羊（しゃおふぇいやん）】,74,勝どき,https://www.tobustore.co.jp/index.php/shop/detail/65,勝どき店 - 東武ストア,74.0,月島,https://travel.rakuten.co.jp/yado/traffic/tokyo/00000000000000201992.html,月島駅 周辺のホテル・旅館 - 楽天トラベル
74,75,豊洲,https://www.yurindo.co.jp/store/tokyo-toyosu/,ららぽーと豊洲店｜本・文具・カフェ｜有隣堂,75,勝どき,https://www.jimotatsu.com/Spot/kachidoki.html,これを読めば勝どきがわかる？その街のユニークな点を勝手に紹介 ...,75.0,月島,https://www.tsukishima.arc.shibaura-it.ac.jp/,月島長屋学校 Tsukishima Nagaya School
75,76,豊洲,https://wildmagic.jp/,WILD MAGIC -The Rainbow Farm ? | 東京・豊洲で手ぶらBBQなら ...,76,勝どき,https://travel.rakuten.co.jp/yado/traffic/tokyo/00000000000000204979.html,勝どき駅 周辺のホテル・旅館 - 楽天トラベル,76.0,月島,https://www.residia.jp/housing/top/125/,レジディア月島?V トップページ | 暮らしてみる。自分ひらく。
76,77,豊洲,http://www.building.co.jp/news/1810/,豊洲オフィスエリア再開発レポート - 豊洲が誇る6つの魅力,77,勝どき,https://t.tokyodeep.info/kachidoki/,勝どき - 首都圏住みたくない街,77.0,月島,https://www.nomu.com/machikara/369/,勝どき・月島 - 地域・街情報サイト【街から】 - ノムコム
77,78,豊洲,https://www.keyuca.com/shop/tokyo-23/toyosu/,ケユカ アーバンドック ららぽーと豊洲店,78,勝どき,http://ym-tokyo.com/shop/78.html,勝どき店 | パンダ薬局 私たちはパンダ薬局グループです。,78.0,月島,https://www.ones-rent.com/shop/detail.php%3Flocation_no%3D0054-006,ワンズレンタカー月島駅前店 | 格安・安心レンタカーのご利用なら
78,79,豊洲,https://www.youtube.com/watch%3Fv%3D2XW7Y_MWae0,【Mary's Blood】4/9(土)豊洲PITに向けて「YouTubeで ...,79,勝どき,"https://mapfan.com/genres/289/13/102/SCH,J,6FT",勝どき駅（大江戸線）近くのドン・キホーテ - MapFan,79.0,月島,https://www.tsms-g.co.jp/,産業機械販売の月島マシンセールス
79,80,豊洲,https://www.youtube.com/watch%3Fv%3D2XW7Y_MWae0,「豊洲」の動画,80,勝どき,https://www.m-standard.co.jp/rent-s/190_FA/,勝どき・月島・晴海の高級賃貸一覧 - モダンスタンダード,80.0,月島,https://www.m-standard.co.jp/rent-s/2800621_S/,月島駅の高級賃貸一覧 - モダンスタンダード
80,81,豊洲,https://tokyo-trip.org/spot/visiting/tk0307/,東京都観光汽船 豊洲（メモリアルドック）,81,勝どき,https://www.stepon.co.jp/mansion/rail_13/list_02358380/,勝どき駅の中古マンションを探す - 住友不動産販売,81.0,月島,https://www.daikyo-anabuki.co.jp/office/tsukishima/,月島店（中央区全域、江東区（豊洲・東雲・有明）の中古 ...
81,82,豊洲,http://toyosu.tsukijigourmet.or.jp/shop/index.html,豊洲市場ぐるめMAP,82,勝どき,https://www.shamaison.com/tokyo/route/P117004/station/29339/,都営地下鉄大江戸線 勝どき の賃貸物件一覧 - シャーメゾン,82.0,月島,https://times-info.net/P13-tokyo/line/L2800/S2553/,月島駅（中央区）周辺の時間貸駐車場 検索結果 - タイムズ
82,83,豊洲,https://homes.panasonic.com/kyoten/detail/E00008/,スマートハウジング豊洲展示場 | 東京都 江東区 - パナソニック ...,83,勝どき,https://www.jalan.net/gourmet/tow_131020003/g2_AM279/,勝どきの居酒屋ランキングTOP10 - じゃらんnet,83.0,月島,https://stayway.jp/tourism/tokyo-tsukishima1,【初めての方必見】もんじゃからメロンパンまで！月島の魅力を ...
83,84,豊洲,https://www.nipponrentacar.co.jp/shop/area/tokyo/toyosu.html,豊洲のレンタカー情報 | ニッポンレンタカー【公式】,84,勝どき,https://sp.chintai.net/app/peyasagashi/article/town/0136_kachidoki/,【勝どき駅の住みやすさレポート】二人暮らし・同棲・カップルに ...,84.0,月島,https://www.zoomrent.jp/rent/zoom%25E6%259C%2588%25E5%25B3%25B6/,ZOOM月島 | ZOOM RENT ｜ TOHSHIN COMMUNITY
84,85,豊洲,https://www.umai-mon.com/user/shop/3867,豊洲市場ドットコム,85,勝どき,https://kachidoki-marina.com/,勝どきマリーナ: 船舶免許・ボート免許・小型船舶操縦士・ボート ...,85.0,月島,https://www.wakayama-kanko.or.jp/spots/132/,わかやま観光 円月島
85,86,豊洲,https://www.okura-nikko.com/ja/japan/tokyo/hotel-jal-city-tokyo-toyosu/,【公式】ホテルJALシティ東京 豊洲｜宿泊・予約 - Okura Nikko Hotels,86,勝どき,https://api.nipponsoft.co.jp/zipcode/%25E6%259D%25B1%25E4%25BA%25AC%25E9%2583%25BD%25E4%25B8%25AD%25E5%25A4%25AE%25E5%258C%25BA%25E5%258B%259D%25E3%2581%25A9%25E3%2581%258D,東京都中央区勝どきの郵便番号 - 住所、読み仮名,86.0,月島,https://transit.yahoo.co.jp/timetable/22820,月島駅 時刻表一覧 - Yahoo!路線情報
86,87,豊洲,https://tabichannel.com/article/718/toyosu,【豊洲の楽しみ方ガイド】ららぽーとやチームラボから豊洲市場 ...,87,勝どき,https://www.ur-net.go.jp/chintai/kanto/tokyo/eki/8935.html,勝どき駅の賃貸物件｜礼金・仲介手数料・更新料・保証人ナシ,87.0,月島,https://demae-can.com/search/address/detailName/13102009000/,中央区月島の出前・デリバリー・宅配
87,88,豊洲,https://www.actus-interior.com/shop/toyosu/,アクタス・豊洲店 - ACTUS,88,勝どき,https://www.mansion-review.jp/mansion/602993.html,勝どきザタワー｜口コミ・中古・売却・査定・賃貸 - マンション ...,88.0,月島,https://www.hotpepper.jp/strJ000744734/,月島名物もんじゃ だるま 月島本店 - ホットペッパーグルメ
88,89,豊洲,https://www.toyosu-manpuku.com/,豊洲の居酒屋「万福食堂」ランチにも好評です,89,勝どき,https://maps.sukiya.jp/jp/detail/1685.html,すき家 勝どき三丁目店｜東京都の店舗｜店舗情報,89.0,月島,https://townwork.net/tokyo/ct_sa52122/tw_st02071/,月島駅のアルバイト・バイト求人情報｜【タウンワーク】でバイト ...
89,90,豊洲,https://www.katoji.co.jp/store-lalaport.html,カトージ アーバンドック ららぽーと豊洲｜KATOJI直営店,90,勝どき,https://www.news-postseven.com/archives/20190828_1440351.html%3FDETAIL,高収入層の人口激増「勝どき・晴海」エリアが抱える不安要素,90.0,月島,https://www.fukushihoken.metro.tokyo.lg.jp/walkmap/map/detail/chuokukenko08.html,築地・月島・晴海コース｜トーキョーウォーキングマップ
90,91,豊洲,https://www.toyosu-hifuka.com/,豊洲パークシティ皮膚科,91,勝どき,https://ejje.weblio.jp/content/%25E5%258B%259D%25E3%2581%25A9%25E3%2581%258D,「勝どき」の英語・英語例文・英語表現 - Weblio和英辞書,91.0,月島,https://cms.mechao.tv/fuji/store%3Fid%3Ddb1a31a2107bdf4edfe3aa5a86d0b835,フジマート 月島店
91,92,豊洲,https://www.toshin-toyosu.com/,東進ハイスクール 豊洲校,92,勝どき,https://twitter.com/hashtag/%25E5%258B%259D%25E3%2581%25A9%25E3%2581%258D,#勝どき - Twitter Search / Twitter,92.0,月島,http://chuo-sports.com/,中央区地域スポーツクラブ・大江戸月島
92,93,豊洲,https://www.post.japanpost.jp/cgi-zip/zipcode.php%3Fpref%3D13%26city%3D1131080%26cmp%3D1,江東区 - 東京都 - 郵便局,93,勝どき,http://chuo-keiroukan.jp/tabid/60/Default.aspx,いきいき 勝どき,93.0,月島,https://www.ur-net.go.jp/chintai/kanto/tokyo/20_2170.html,月島一丁目(東京都中央区) - UR都市機構
93,94,豊洲,https://search.freshnessburger.co.jp/fb/spot/detail%3Fcode%3D0000000203,ららぽーと豊洲店 | フレッシュネスバーガー,94,勝どき,https://www.cocofump.co.jp/facilities/detail/kachidoki/,ココファン 勝どき かちどき,94.0,月島,https://www.t-tms.co.jp/company/about.html,企業情報 | 会社概要 - 月島テクノメンテサービス株式会社
94,95,豊洲,https://www.hmv.co.jp/store/TYS/,HMVららぽーと豊洲 店舗イベント - HMV&BOOKS online,95,勝どき,https://www.youtube.com/watch%3Fv%3DB5ePzo-MOt8,パークタワー勝どき MID SOUTH【コンセプトムービー】park tower ...,95.0,月島,https://map.mcdonalds.co.jp/map/13625,月島駅前店 | 店舗検索 | お店をさがす | McDonald's
95,96,豊洲,https://www.audi-toyosu.jp/ja.html,Audi 豊洲 トップページ,96,勝どき,https://www.youtube.com/watch%3Fv%3DB5ePzo-MOt8,「勝どき」の動画,96.0,月島,https://smtrc.jp/town-archives/city/tokyo-bay/p04.html,4：明治期以降の月島・佃周辺 ? 東京湾岸 | このまちアーカイブス
96,97,豊洲,https://www.rehouse.co.jp/store/lalaport-toyosu/,【三井のリハウス】ららぽーと豊洲センターの店舗情報,97,勝どき,https://www.elcamino.jp/kachidoki,勝どき校 - エルカミノ,97.0,月島,https://www.centraltokyo-tourism.com/spot/detail/100601004,月島もんじゃストリート | 東京 中央区の観光情報公式サイト Central ...
97,98,豊洲,https://www.dadway.com/store/toyosu/,ららぽーと豊洲 | 店舗情報 | DADWAY,98,勝どき,https://www.athome.co.jp/chintai/tokyo/kachidoki-st/list/,勝どき駅の賃貸(賃貸マンション・アパート) （東京都） - アットホーム,98.0,月島,https://www.property-bank.co.jp/rent/11340/,ミュプレ月島【仲介手数料無料】｜高級賃貸のプロパティバンク
98,99,豊洲,https://www.olympiashop.co.jp/shops/lalaport-toyosu/,ららぽーと豊洲店 | OLYMPIA(オリンピア) 公式サイト,99,勝どき,https://restaurant.ikyu.com/s-spot201/dinner/,勝どき駅周辺の美味しいディナー - 一休レストラン,99.0,月島,https://town.mec-h.com/mh-harumi/18,月島区民センター | 晴海・勝どき・月島エリア|すてきな街を
99,100,豊洲,https://travel.rakuten.co.jp/HOTEL/178674/178674.html,三井ガーデンホテル豊洲ベイサイドクロス 宿泊予約【楽天トラベル】,100,勝どき,https://www.citymobile.co.jp/ja/rent/38/,【JKK東京】勝どきサンスクェア,,,,
